phase,experiment,model_type,architecture,hidden_dims,num_params,accuracy,precision,recall,f1_score,model_size_bytes,inference_latency_us,flash_bytes,ram_bytes,lut_count,ff_count,dsp_count,bram_count,power_mw,clock_mhz,notes,run_id,seed,macro_f1,val_macro_f1,estimated_ram_bytes,ternary_weight_terms,nonzero_ternary_terms,dense_weight_multiplications,output_scale_multiplications
3,baseline_fp32,fp32,FP32MLP,"[32, 16]",1439,0.8954519119351101,0.8569624327686185,0.8954519119351101,0.8687578711427832,5756,,,,,,,,,,device-held-out test; model bytes are constant-storage estimate; hardware unmeasured; FP32 biases and normalization,phase3_corrected_seed42,42,0.8542922602767242,0.8635338874990377,,0,0,1328,0
3,quantized_int8,int8,INT8MLP,"[32, 16]",1439,0.850391077636153,0.8206441073747144,0.850391077636153,0.8196295517599607,1784,,,,,,,,,,device-held-out test; model bytes are constant-storage estimate; hardware unmeasured; INT8 weights simulated with FP32 execution,phase3_corrected_seed42,42,0.7992936512800406,0.8092921697934898,,0,0,1328,0
3,ternary_2bit,ternary,TernaryMLP,"[32, 16]",1439,0.718438586326767,0.7173821860626897,0.718438586326767,0.6988048777957502,788,,,,,,,,,,device-held-out test; model bytes are constant-storage estimate; hardware unmeasured; FP32 biases and normalization,phase3_corrected_seed42,42,0.6889549427428818,0.7004576618856446,464,1328,837,0,59
3,ablation_16_8,ternary,TernaryMLP,"[16, 8]",607,0.6882097334878331,0.6142276626138052,0.6882097334878331,0.6219404239260877,430,,,,,,,,,,device-held-out test; model bytes are constant-storage estimate; hardware unmeasured; FP32 biases and normalization,phase3_corrected_seed42,42,0.6115447965150347,0.6185032827748898,368,536,331,0,35
3,ablation_24_12,ternary,TernaryMLP,"[24, 12]",991,0.7067641946697567,0.6291437655990348,0.7067641946697567,0.6507664364765735,601,,,,,,,,,,device-held-out test; model bytes are constant-storage estimate; hardware unmeasured; FP32 biases and normalization,phase3_corrected_seed42,42,0.6488249999340844,0.6483776279468768,400,900,564,0,47
3,ablation_32_16,ternary,TernaryMLP,"[32, 16]",1439,0.718438586326767,0.7173821860626897,0.718438586326767,0.6988048777957502,788,,,,,,,,,,device-held-out test; model bytes are constant-storage estimate; hardware unmeasured; FP32 biases and normalization,phase3_corrected_seed42,42,0.6889549427428818,0.7004576618856446,464,1328,837,0,59
3,ablation_48_24,ternary,TernaryMLP,"[48, 24]",2527,0.7789687137891078,0.7423720481777922,0.7789687137891078,0.7518108972962035,1210,,,,,,,,,,device-held-out test; model bytes are constant-storage estimate; hardware unmeasured; FP32 biases and normalization,phase3_corrected_seed42,42,0.7408919084161476,0.7528259115644933,592,2376,1485,0,83
3,ablation_64_32,ternary,TernaryMLP,"[64, 32]",3871,0.7891657010428736,0.7572223308684045,0.7891657010428736,0.7573582521999712,1696,,,,,,,,,,device-held-out test; model bytes are constant-storage estimate; hardware unmeasured; FP32 biases and normalization,phase3_corrected_seed42,42,0.7458702426587238,0.7530306446390855,720,3680,2149,0,107
3,baseline_fp32,fp32,FP32MLP,"[32, 16]",1439,0.9067641946697567,0.9478461040251214,0.9067641946697567,0.8802119362279459,5756,,,,,,,,,,device-held-out test; model bytes are constant-storage estimate; hardware unmeasured; FP32 biases and normalization,phase3_distinct_features_seed42,42,0.8673291262590158,0.8719237980352681,,0,0,1328,0
3,quantized_int8,int8,INT8MLP,"[32, 16]",1439,0.9055040556199305,0.8774539799001989,0.9055040556199305,0.878943231882463,1784,,,,,,,,,,device-held-out test; model bytes are constant-storage estimate; hardware unmeasured; INT8 weights simulated with FP32 execution,phase3_distinct_features_seed42,42,0.8662457019333545,0.8698270381847759,,0,0,1328,0
3,ternary_2bit,ternary,TernaryMLP,"[32, 16]",1439,0.7469003476245655,0.7578681338685934,0.7469003476245655,0.7188437488430891,788,,,,,,,,,,device-held-out test; model bytes are constant-storage estimate; hardware unmeasured; FP32 biases and normalization,phase3_distinct_features_seed42,42,0.7165557851072503,0.7125569006278917,464,1328,836,0,59
3,ablation_16_8,ternary,TernaryMLP,"[16, 8]",607,0.7163673232908458,0.6480852670011332,0.7163673232908458,0.6581599369074304,430,,,,,,,,,,device-held-out test; model bytes are constant-storage estimate; hardware unmeasured; FP32 biases and normalization,phase3_distinct_features_seed42,42,0.6622116132365432,0.6598042550832094,368,536,345,0,35
3,ablation_24_12,ternary,TernaryMLP,"[24, 12]",991,0.7375144843568946,0.7217676938310217,0.7375144843568946,0.7124164205156772,601,,,,,,,,,,device-held-out test; model bytes are constant-storage estimate; hardware unmeasured; FP32 biases and normalization,phase3_distinct_features_seed42,42,0.7122771736458571,0.7090805761218808,400,900,565,0,47
3,ablation_32_16,ternary,TernaryMLP,"[32, 16]",1439,0.7469003476245655,0.7578681338685934,0.7469003476245655,0.7188437488430891,788,,,,,,,,,,device-held-out test; model bytes are constant-storage estimate; hardware unmeasured; FP32 biases and normalization,phase3_distinct_features_seed42,42,0.7165557851072503,0.7125569006278917,464,1328,836,0,59
3,ablation_48_24,ternary,TernaryMLP,"[48, 24]",2527,0.8000289687137891,0.7651120158461899,0.8000289687137891,0.7742589053601484,1210,,,,,,,,,,device-held-out test; model bytes are constant-storage estimate; hardware unmeasured; FP32 biases and normalization,phase3_distinct_features_seed42,42,0.770480389916544,0.7778872175503547,592,2376,1532,0,83
3,ablation_64_32,ternary,TernaryMLP,"[64, 32]",3871,0.8323290845886443,0.7989044209397352,0.8323290845886443,0.8045766835011615,1696,,,,,,,,,,device-held-out test; model bytes are constant-storage estimate; hardware unmeasured; FP32 biases and normalization,phase3_distinct_features_seed42,42,0.7980742724121345,0.8100605547447014,720,3680,2243,0,107
3,baseline_fp32,fp32,FP32MLP,"[32, 16]",1439,0.9042584009269988,0.8760527915214967,0.9042584009269988,0.8776522257263135,5756,,,,,,,,,,device-held-out test; model bytes are constant-storage estimate; hardware unmeasured; FP32 biases and normalization,phase3_log_features_seed42,42,0.8650876501785537,0.8695163148006189,,0,0,1328,0
3,quantized_int8,int8,INT8MLP,"[32, 16]",1439,0.8980446118192352,0.8720683748194012,0.8980446118192352,0.8714231255906282,1784,,,,,,,,,,device-held-out test; model bytes are constant-storage estimate; hardware unmeasured; INT8 weights simulated with FP32 execution,phase3_log_features_seed42,42,0.858267649921848,0.863490974523823,,0,0,1328,0
3,ternary_2bit,ternary,TernaryMLP,"[32, 16]",1439,0.7681199304750869,0.7707185043902081,0.7681199304750869,0.7379193514092103,788,,,,,,,,,,device-held-out test; model bytes are constant-storage estimate; hardware unmeasured; FP32 biases and normalization,phase3_log_features_seed42,42,0.7387636647548367,0.7354082350670709,464,1328,876,0,59
3,ablation_16_8,ternary,TernaryMLP,"[16, 8]",607,0.7244495944380069,0.7255866821512682,0.7244495944380069,0.6919912769486651,430,,,,,,,,,,device-held-out test; model bytes are constant-storage estimate; hardware unmeasured; FP32 biases and normalization,phase3_log_features_seed42,42,0.6987754487548615,0.6903566829589746,368,536,334,0,35
3,ablation_24_12,ternary,TernaryMLP,"[24, 12]",991,0.7590237543453071,0.7244504958458933,0.7590237543453071,0.732017975433884,601,,,,,,,,,,device-held-out test; model bytes are constant-storage estimate; hardware unmeasured; FP32 biases and normalization,phase3_log_features_seed42,42,0.7339462018940524,0.7355623914019496,400,900,604,0,47
3,ablation_32_16,ternary,TernaryMLP,"[32, 16]",1439,0.7681199304750869,0.7707185043902081,0.7681199304750869,0.7379193514092103,788,,,,,,,,,,device-held-out test; model bytes are constant-storage estimate; hardware unmeasured; FP32 biases and normalization,phase3_log_features_seed42,42,0.7387636647548367,0.7354082350670709,464,1328,876,0,59
3,ablation_48_24,ternary,TernaryMLP,"[48, 24]",2527,0.7969293163383546,0.7727390532237514,0.7969293163383546,0.7737544979190707,1210,,,,,,,,,,device-held-out test; model bytes are constant-storage estimate; hardware unmeasured; FP32 biases and normalization,phase3_log_features_seed42,42,0.7713601041804776,0.7776513209810294,592,2376,1526,0,83
3,ablation_64_32,ternary,TernaryMLP,"[64, 32]",3871,0.8108198146002318,0.8205284156309776,0.8108198146002318,0.7842347539957992,1696,,,,,,,,,,device-held-out test; model bytes are constant-storage estimate; hardware unmeasured; FP32 biases and normalization,phase3_log_features_seed42,42,0.78209432162603,0.7822056420700175,720,3680,2400,0,107
3,ternary_2bit,ternary,TernaryMLP,"[64, 32]",3871,0.8108198146002318,0.8205284156309776,0.8108198146002318,0.7842347539957992,1696,,,,,,,,,,device-held-out test; model bytes are constant-storage estimate; hardware unmeasured; FP32 biases and normalization,phase3_final_seed42,42,0.78209432162603,0.7822056420700175,720,3680,2400,0,107
3,baseline_fp32,fp32,FP32MLP,"[64, 32]",3871,0.8960312862108922,0.8563159266691143,0.8960312862108922,0.8693735121480983,15484,,,,,,,,,,device-held-out test; model bytes are constant-storage estimate; hardware unmeasured; FP32 biases and normalization,phase3_final_seed42,42,0.8577491367785895,0.8646059794190438,,0,0,3680,0
3,quantized_int8,int8,INT8MLP,"[64, 32]",3871,0.8874855156431054,0.8898421468597282,0.8874855156431054,0.8607112856476055,4456,,,,,,,,,,device-held-out test; model bytes are constant-storage estimate; hardware unmeasured; INT8 weights simulated with FP32 execution,phase3_final_seed42,42,0.8501569165072425,0.856964022058179,,0,0,3680,0
